Ad Group,Keyword,Campaign,Criterion Type
sofas,sofas buy,SEM_Sofas,Exact
sofas,buy sofas,SEM_Sofas,Exact
sofas,sofas price,SEM_Sofas,Exact
sofas,price sofas,SEM_Sofas,Exact
sofas,sofas discount,SEM_Sofas,Exact
sofas,discount sofas,SEM_Sofas,Exact
sofas,sofas promotion,SEM_Sofas,Exact
sofas,promotion sofas,SEM_Sofas,Exact
sofas,sofas promo,SEM_Sofas,Exact
sofas,promo sofas,SEM_Sofas,Exact
sofas,sofas shop,SEM_Sofas,Exact
sofas,shop sofas,SEM_Sofas,Exact
sofas,sofas buying,SEM_Sofas,Exact
sofas,buying sofas,SEM_Sofas,Exact
sofas,sofas prices,SEM_Sofas,Exact
sofas,prices sofas,SEM_Sofas,Exact
sofas,sofas pricing,SEM_Sofas,Exact
sofas,pricing sofas,SEM_Sofas,Exact
sofas,sofas shopping,SEM_Sofas,Exact
sofas,shopping sofas,SEM_Sofas,Exact
sofas,sofas discounts,SEM_Sofas,Exact
sofas,discounts sofas,SEM_Sofas,Exact
sofas,sofas promos,SEM_Sofas,Exact
sofas,promos sofas,SEM_Sofas,Exact
sofas,sofas ecommerce,SEM_Sofas,Exact
sofas,ecommerce sofas,SEM_Sofas,Exact
sofas,sofas e commerce,SEM_Sofas,Exact
sofas,e commerce sofas,SEM_Sofas,Exact
sofas,sofas buy online,SEM_Sofas,Exact
sofas,buy online sofas,SEM_Sofas,Exact
sofas,sofas shop online,SEM_Sofas,Exact
sofas,shop online sofas,SEM_Sofas,Exact
sofas,sofas cheap,SEM_Sofas,Exact
sofas,cheap sofas,SEM_Sofas,Exact
sofas,sofas best price,SEM_Sofas,Exact
sofas,best price sofas,SEM_Sofas,Exact
sofas,sofas lowest price,SEM_Sofas,Exact
sofas,lowest price sofas,SEM_Sofas,Exact
sofas,sofas cheapest,SEM_Sofas,Exact
sofas,cheapest sofas,SEM_Sofas,Exact
sofas,sofas best value,SEM_Sofas,Exact
sofas,best value sofas,SEM_Sofas,Exact
sofas,sofas offer,SEM_Sofas,Exact
sofas,offer sofas,SEM_Sofas,Exact
sofas,sofas offers,SEM_Sofas,Exact
sofas,offers sofas,SEM_Sofas,Exact
sofas,sofas promotions,SEM_Sofas,Exact
sofas,promotions sofas,SEM_Sofas,Exact
sofas,sofas purchase,SEM_Sofas,Exact
sofas,purchase sofas,SEM_Sofas,Exact
sofas,sofas sale,SEM_Sofas,Exact
sofas,sale sofas,SEM_Sofas,Exact
sofas,sofas bargain,SEM_Sofas,Exact
sofas,bargain sofas,SEM_Sofas,Exact
sofas,sofas affordable,SEM_Sofas,Exact
sofas,affordable sofas,SEM_Sofas,Exact
sofas,sofas cheap,SEM_Sofas,Exact
sofas,cheap sofas,SEM_Sofas,Exact
sofas,sofas low cost,SEM_Sofas,Exact
sofas,low cost sofas,SEM_Sofas,Exact
sofas,sofas low price,SEM_Sofas,Exact
sofas,low price sofas,SEM_Sofas,Exact
sofas,sofas budget,SEM_Sofas,Exact
sofas,budget sofas,SEM_Sofas,Exact
sofas,sofas inexpensive,SEM_Sofas,Exact
sofas,inexpensive sofas,SEM_Sofas,Exact
sofas,sofas economical,SEM_Sofas,Exact
sofas,economical sofas,SEM_Sofas,Exact
convertible sofas,convertible sofas buy,SEM_Sofas,Exact
convertible sofas,buy convertible sofas,SEM_Sofas,Exact
convertible sofas,convertible sofas price,SEM_Sofas,Exact
convertible sofas,price convertible sofas,SEM_Sofas,Exact
convertible sofas,convertible sofas discount,SEM_Sofas,Exact
convertible sofas,discount convertible sofas,SEM_Sofas,Exact
convertible sofas,convertible sofas promotion,SEM_Sofas,Exact
convertible sofas,promotion convertible sofas,SEM_Sofas,Exact
convertible sofas,convertible sofas promo,SEM_Sofas,Exact
convertible sofas,promo convertible sofas,SEM_Sofas,Exact
convertible sofas,convertible sofas shop,SEM_Sofas,Exact
convertible sofas,shop convertible sofas,SEM_Sofas,Exact
convertible sofas,convertible sofas buying,SEM_Sofas,Exact
convertible sofas,buying convertible sofas,SEM_Sofas,Exact
convertible sofas,convertible sofas prices,SEM_Sofas,Exact
convertible sofas,prices convertible sofas,SEM_Sofas,Exact
convertible sofas,convertible sofas pricing,SEM_Sofas,Exact
convertible sofas,pricing convertible sofas,SEM_Sofas,Exact
convertible sofas,convertible sofas shopping,SEM_Sofas,Exact
convertible sofas,shopping convertible sofas,SEM_Sofas,Exact
convertible sofas,convertible sofas discounts,SEM_Sofas,Exact
convertible sofas,discounts convertible sofas,SEM_Sofas,Exact
convertible sofas,convertible sofas promos,SEM_Sofas,Exact
convertible sofas,promos convertible sofas,SEM_Sofas,Exact
convertible sofas,convertible sofas ecommerce,SEM_Sofas,Exact
convertible sofas,ecommerce convertible sofas,SEM_Sofas,Exact
convertible sofas,convertible sofas e commerce,SEM_Sofas,Exact
convertible sofas,e commerce convertible sofas,SEM_Sofas,Exact
convertible sofas,convertible sofas buy online,SEM_Sofas,Exact
convertible sofas,buy online convertible sofas,SEM_Sofas,Exact
convertible sofas,convertible sofas shop online,SEM_Sofas,Exact
convertible sofas,shop online convertible sofas,SEM_Sofas,Exact
convertible sofas,convertible sofas cheap,SEM_Sofas,Exact
convertible sofas,cheap convertible sofas,SEM_Sofas,Exact
convertible sofas,convertible sofas best price,SEM_Sofas,Exact
convertible sofas,best price convertible sofas,SEM_Sofas,Exact
convertible sofas,convertible sofas lowest price,SEM_Sofas,Exact
convertible sofas,lowest price convertible sofas,SEM_Sofas,Exact
convertible sofas,convertible sofas cheapest,SEM_Sofas,Exact
convertible sofas,cheapest convertible sofas,SEM_Sofas,Exact
convertible sofas,convertible sofas best value,SEM_Sofas,Exact
convertible sofas,best value convertible sofas,SEM_Sofas,Exact
convertible sofas,convertible sofas offer,SEM_Sofas,Exact
convertible sofas,offer convertible sofas,SEM_Sofas,Exact
convertible sofas,convertible sofas offers,SEM_Sofas,Exact
convertible sofas,offers convertible sofas,SEM_Sofas,Exact
convertible sofas,convertible sofas promotions,SEM_Sofas,Exact
convertible sofas,promotions convertible sofas,SEM_Sofas,Exact
convertible sofas,convertible sofas purchase,SEM_Sofas,Exact
convertible sofas,purchase convertible sofas,SEM_Sofas,Exact
convertible sofas,convertible sofas sale,SEM_Sofas,Exact
convertible sofas,sale convertible sofas,SEM_Sofas,Exact
convertible sofas,convertible sofas bargain,SEM_Sofas,Exact
convertible sofas,bargain convertible sofas,SEM_Sofas,Exact
convertible sofas,convertible sofas affordable,SEM_Sofas,Exact
convertible sofas,affordable convertible sofas,SEM_Sofas,Exact
convertible sofas,convertible sofas cheap,SEM_Sofas,Exact
convertible sofas,cheap convertible sofas,SEM_Sofas,Exact
convertible sofas,convertible sofas low cost,SEM_Sofas,Exact
convertible sofas,low cost convertible sofas,SEM_Sofas,Exact
convertible sofas,convertible sofas low price,SEM_Sofas,Exact
convertible sofas,low price convertible sofas,SEM_Sofas,Exact
convertible sofas,convertible sofas budget,SEM_Sofas,Exact
convertible sofas,budget convertible sofas,SEM_Sofas,Exact
convertible sofas,convertible sofas inexpensive,SEM_Sofas,Exact
convertible sofas,inexpensive convertible sofas,SEM_Sofas,Exact
convertible sofas,convertible sofas economical,SEM_Sofas,Exact
convertible sofas,economical convertible sofas,SEM_Sofas,Exact
love seats,love seats buy,SEM_Sofas,Exact
love seats,buy love seats,SEM_Sofas,Exact
love seats,love seats price,SEM_Sofas,Exact
love seats,price love seats,SEM_Sofas,Exact
love seats,love seats discount,SEM_Sofas,Exact
love seats,discount love seats,SEM_Sofas,Exact
love seats,love seats promotion,SEM_Sofas,Exact
love seats,promotion love seats,SEM_Sofas,Exact
love seats,love seats promo,SEM_Sofas,Exact
love seats,promo love seats,SEM_Sofas,Exact
love seats,love seats shop,SEM_Sofas,Exact
love seats,shop love seats,SEM_Sofas,Exact
love seats,love seats buying,SEM_Sofas,Exact
love seats,buying love seats,SEM_Sofas,Exact
love seats,love seats prices,SEM_Sofas,Exact
love seats,prices love seats,SEM_Sofas,Exact
love seats,love seats pricing,SEM_Sofas,Exact
love seats,pricing love seats,SEM_Sofas,Exact
love seats,love seats shopping,SEM_Sofas,Exact
love seats,shopping love seats,SEM_Sofas,Exact
love seats,love seats discounts,SEM_Sofas,Exact
love seats,discounts love seats,SEM_Sofas,Exact
love seats,love seats promos,SEM_Sofas,Exact
love seats,promos love seats,SEM_Sofas,Exact
love seats,love seats ecommerce,SEM_Sofas,Exact
love seats,ecommerce love seats,SEM_Sofas,Exact
love seats,love seats e commerce,SEM_Sofas,Exact
love seats,e commerce love seats,SEM_Sofas,Exact
love seats,love seats buy online,SEM_Sofas,Exact
love seats,buy online love seats,SEM_Sofas,Exact
love seats,love seats shop online,SEM_Sofas,Exact
love seats,shop online love seats,SEM_Sofas,Exact
love seats,love seats cheap,SEM_Sofas,Exact
love seats,cheap love seats,SEM_Sofas,Exact
love seats,love seats best price,SEM_Sofas,Exact
love seats,best price love seats,SEM_Sofas,Exact
love seats,love seats lowest price,SEM_Sofas,Exact
love seats,lowest price love seats,SEM_Sofas,Exact
love seats,love seats cheapest,SEM_Sofas,Exact
love seats,cheapest love seats,SEM_Sofas,Exact
love seats,love seats best value,SEM_Sofas,Exact
love seats,best value love seats,SEM_Sofas,Exact
love seats,love seats offer,SEM_Sofas,Exact
love seats,offer love seats,SEM_Sofas,Exact
love seats,love seats offers,SEM_Sofas,Exact
love seats,offers love seats,SEM_Sofas,Exact
love seats,love seats promotions,SEM_Sofas,Exact
love seats,promotions love seats,SEM_Sofas,Exact
love seats,love seats purchase,SEM_Sofas,Exact
love seats,purchase love seats,SEM_Sofas,Exact
love seats,love seats sale,SEM_Sofas,Exact
love seats,sale love seats,SEM_Sofas,Exact
love seats,love seats bargain,SEM_Sofas,Exact
love seats,bargain love seats,SEM_Sofas,Exact
love seats,love seats affordable,SEM_Sofas,Exact
love seats,affordable love seats,SEM_Sofas,Exact
love seats,love seats cheap,SEM_Sofas,Exact
love seats,cheap love seats,SEM_Sofas,Exact
love seats,love seats low cost,SEM_Sofas,Exact
love seats,low cost love seats,SEM_Sofas,Exact
love seats,love seats low price,SEM_Sofas,Exact
love seats,low price love seats,SEM_Sofas,Exact
love seats,love seats budget,SEM_Sofas,Exact
love seats,budget love seats,SEM_Sofas,Exact
love seats,love seats inexpensive,SEM_Sofas,Exact
love seats,inexpensive love seats,SEM_Sofas,Exact
love seats,love seats economical,SEM_Sofas,Exact
love seats,economical love seats,SEM_Sofas,Exact
recliners,recliners buy,SEM_Sofas,Exact
recliners,buy recliners,SEM_Sofas,Exact
recliners,recliners price,SEM_Sofas,Exact
recliners,price recliners,SEM_Sofas,Exact
recliners,recliners discount,SEM_Sofas,Exact
recliners,discount recliners,SEM_Sofas,Exact
recliners,recliners promotion,SEM_Sofas,Exact
recliners,promotion recliners,SEM_Sofas,Exact
recliners,recliners promo,SEM_Sofas,Exact
recliners,promo recliners,SEM_Sofas,Exact
recliners,recliners shop,SEM_Sofas,Exact
recliners,shop recliners,SEM_Sofas,Exact
recliners,recliners buying,SEM_Sofas,Exact
recliners,buying recliners,SEM_Sofas,Exact
recliners,recliners prices,SEM_Sofas,Exact
recliners,prices recliners,SEM_Sofas,Exact
recliners,recliners pricing,SEM_Sofas,Exact
recliners,pricing recliners,SEM_Sofas,Exact
recliners,recliners shopping,SEM_Sofas,Exact
recliners,shopping recliners,SEM_Sofas,Exact
recliners,recliners discounts,SEM_Sofas,Exact
recliners,discounts recliners,SEM_Sofas,Exact
recliners,recliners promos,SEM_Sofas,Exact
recliners,promos recliners,SEM_Sofas,Exact
recliners,recliners ecommerce,SEM_Sofas,Exact
recliners,ecommerce recliners,SEM_Sofas,Exact
recliners,recliners e commerce,SEM_Sofas,Exact
recliners,e commerce recliners,SEM_Sofas,Exact
recliners,recliners buy online,SEM_Sofas,Exact
recliners,buy online recliners,SEM_Sofas,Exact
recliners,recliners shop online,SEM_Sofas,Exact
recliners,shop online recliners,SEM_Sofas,Exact
recliners,recliners cheap,SEM_Sofas,Exact
recliners,cheap recliners,SEM_Sofas,Exact
recliners,recliners best price,SEM_Sofas,Exact
recliners,best price recliners,SEM_Sofas,Exact
recliners,recliners lowest price,SEM_Sofas,Exact
recliners,lowest price recliners,SEM_Sofas,Exact
recliners,recliners cheapest,SEM_Sofas,Exact
recliners,cheapest recliners,SEM_Sofas,Exact
recliners,recliners best value,SEM_Sofas,Exact
recliners,best value recliners,SEM_Sofas,Exact
recliners,recliners offer,SEM_Sofas,Exact
recliners,offer recliners,SEM_Sofas,Exact
recliners,recliners offers,SEM_Sofas,Exact
recliners,offers recliners,SEM_Sofas,Exact
recliners,recliners promotions,SEM_Sofas,Exact
recliners,promotions recliners,SEM_Sofas,Exact
recliners,recliners purchase,SEM_Sofas,Exact
recliners,purchase recliners,SEM_Sofas,Exact
recliners,recliners sale,SEM_Sofas,Exact
recliners,sale recliners,SEM_Sofas,Exact
recliners,recliners bargain,SEM_Sofas,Exact
recliners,bargain recliners,SEM_Sofas,Exact
recliners,recliners affordable,SEM_Sofas,Exact
recliners,affordable recliners,SEM_Sofas,Exact
recliners,recliners cheap,SEM_Sofas,Exact
recliners,cheap recliners,SEM_Sofas,Exact
recliners,recliners low cost,SEM_Sofas,Exact
recliners,low cost recliners,SEM_Sofas,Exact
recliners,recliners low price,SEM_Sofas,Exact
recliners,low price recliners,SEM_Sofas,Exact
recliners,recliners budget,SEM_Sofas,Exact
recliners,budget recliners,SEM_Sofas,Exact
recliners,recliners inexpensive,SEM_Sofas,Exact
recliners,inexpensive recliners,SEM_Sofas,Exact
recliners,recliners economical,SEM_Sofas,Exact
recliners,economical recliners,SEM_Sofas,Exact
sofa beds,sofa beds buy,SEM_Sofas,Exact
sofa beds,buy sofa beds,SEM_Sofas,Exact
sofa beds,sofa beds price,SEM_Sofas,Exact
sofa beds,price sofa beds,SEM_Sofas,Exact
sofa beds,sofa beds discount,SEM_Sofas,Exact
sofa beds,discount sofa beds,SEM_Sofas,Exact
sofa beds,sofa beds promotion,SEM_Sofas,Exact
sofa beds,promotion sofa beds,SEM_Sofas,Exact
sofa beds,sofa beds promo,SEM_Sofas,Exact
sofa beds,promo sofa beds,SEM_Sofas,Exact
sofa beds,sofa beds shop,SEM_Sofas,Exact
sofa beds,shop sofa beds,SEM_Sofas,Exact
sofa beds,sofa beds buying,SEM_Sofas,Exact
sofa beds,buying sofa beds,SEM_Sofas,Exact
sofa beds,sofa beds prices,SEM_Sofas,Exact
sofa beds,prices sofa beds,SEM_Sofas,Exact
sofa beds,sofa beds pricing,SEM_Sofas,Exact
sofa beds,pricing sofa beds,SEM_Sofas,Exact
sofa beds,sofa beds shopping,SEM_Sofas,Exact
sofa beds,shopping sofa beds,SEM_Sofas,Exact
sofa beds,sofa beds discounts,SEM_Sofas,Exact
sofa beds,discounts sofa beds,SEM_Sofas,Exact
sofa beds,sofa beds promos,SEM_Sofas,Exact
sofa beds,promos sofa beds,SEM_Sofas,Exact
sofa beds,sofa beds ecommerce,SEM_Sofas,Exact
sofa beds,ecommerce sofa beds,SEM_Sofas,Exact
sofa beds,sofa beds e commerce,SEM_Sofas,Exact
sofa beds,e commerce sofa beds,SEM_Sofas,Exact
sofa beds,sofa beds buy online,SEM_Sofas,Exact
sofa beds,buy online sofa beds,SEM_Sofas,Exact
sofa beds,sofa beds shop online,SEM_Sofas,Exact
sofa beds,shop online sofa beds,SEM_Sofas,Exact
sofa beds,sofa beds cheap,SEM_Sofas,Exact
sofa beds,cheap sofa beds,SEM_Sofas,Exact
sofa beds,sofa beds best price,SEM_Sofas,Exact
sofa beds,best price sofa beds,SEM_Sofas,Exact
sofa beds,sofa beds lowest price,SEM_Sofas,Exact
sofa beds,lowest price sofa beds,SEM_Sofas,Exact
sofa beds,sofa beds cheapest,SEM_Sofas,Exact
sofa beds,cheapest sofa beds,SEM_Sofas,Exact
sofa beds,sofa beds best value,SEM_Sofas,Exact
sofa beds,best value sofa beds,SEM_Sofas,Exact
sofa beds,sofa beds offer,SEM_Sofas,Exact
sofa beds,offer sofa beds,SEM_Sofas,Exact
sofa beds,sofa beds offers,SEM_Sofas,Exact
sofa beds,offers sofa beds,SEM_Sofas,Exact
sofa beds,sofa beds promotions,SEM_Sofas,Exact
sofa beds,promotions sofa beds,SEM_Sofas,Exact
sofa beds,sofa beds purchase,SEM_Sofas,Exact
sofa beds,purchase sofa beds,SEM_Sofas,Exact
sofa beds,sofa beds sale,SEM_Sofas,Exact
sofa beds,sale sofa beds,SEM_Sofas,Exact
sofa beds,sofa beds bargain,SEM_Sofas,Exact
sofa beds,bargain sofa beds,SEM_Sofas,Exact
sofa beds,sofa beds affordable,SEM_Sofas,Exact
sofa beds,affordable sofa beds,SEM_Sofas,Exact
sofa beds,sofa beds cheap,SEM_Sofas,Exact
sofa beds,cheap sofa beds,SEM_Sofas,Exact
sofa beds,sofa beds low cost,SEM_Sofas,Exact
sofa beds,low cost sofa beds,SEM_Sofas,Exact
sofa beds,sofa beds low price,SEM_Sofas,Exact
sofa beds,low price sofa beds,SEM_Sofas,Exact
sofa beds,sofa beds budget,SEM_Sofas,Exact
sofa beds,budget sofa beds,SEM_Sofas,Exact
sofa beds,sofa beds inexpensive,SEM_Sofas,Exact
sofa beds,inexpensive sofa beds,SEM_Sofas,Exact
sofa beds,sofa beds economical,SEM_Sofas,Exact
sofa beds,economical sofa beds,SEM_Sofas,Exact
sofas,sofas buy,SEM_Sofas,Phrase
sofas,buy sofas,SEM_Sofas,Phrase
sofas,sofas price,SEM_Sofas,Phrase
sofas,price sofas,SEM_Sofas,Phrase
sofas,sofas discount,SEM_Sofas,Phrase
sofas,discount sofas,SEM_Sofas,Phrase
sofas,sofas promotion,SEM_Sofas,Phrase
sofas,promotion sofas,SEM_Sofas,Phrase
sofas,sofas promo,SEM_Sofas,Phrase
sofas,promo sofas,SEM_Sofas,Phrase
sofas,sofas shop,SEM_Sofas,Phrase
sofas,shop sofas,SEM_Sofas,Phrase
sofas,sofas buying,SEM_Sofas,Phrase
sofas,buying sofas,SEM_Sofas,Phrase
sofas,sofas prices,SEM_Sofas,Phrase
sofas,prices sofas,SEM_Sofas,Phrase
sofas,sofas pricing,SEM_Sofas,Phrase
sofas,pricing sofas,SEM_Sofas,Phrase
sofas,sofas shopping,SEM_Sofas,Phrase
sofas,shopping sofas,SEM_Sofas,Phrase
sofas,sofas discounts,SEM_Sofas,Phrase
sofas,discounts sofas,SEM_Sofas,Phrase
sofas,sofas promos,SEM_Sofas,Phrase
sofas,promos sofas,SEM_Sofas,Phrase
sofas,sofas ecommerce,SEM_Sofas,Phrase
sofas,ecommerce sofas,SEM_Sofas,Phrase
sofas,sofas e commerce,SEM_Sofas,Phrase
sofas,e commerce sofas,SEM_Sofas,Phrase
sofas,sofas buy online,SEM_Sofas,Phrase
sofas,buy online sofas,SEM_Sofas,Phrase
sofas,sofas shop online,SEM_Sofas,Phrase
sofas,shop online sofas,SEM_Sofas,Phrase
sofas,sofas cheap,SEM_Sofas,Phrase
sofas,cheap sofas,SEM_Sofas,Phrase
sofas,sofas best price,SEM_Sofas,Phrase
sofas,best price sofas,SEM_Sofas,Phrase
sofas,sofas lowest price,SEM_Sofas,Phrase
sofas,lowest price sofas,SEM_Sofas,Phrase
sofas,sofas cheapest,SEM_Sofas,Phrase
sofas,cheapest sofas,SEM_Sofas,Phrase
sofas,sofas best value,SEM_Sofas,Phrase
sofas,best value sofas,SEM_Sofas,Phrase
sofas,sofas offer,SEM_Sofas,Phrase
sofas,offer sofas,SEM_Sofas,Phrase
sofas,sofas offers,SEM_Sofas,Phrase
sofas,offers sofas,SEM_Sofas,Phrase
sofas,sofas promotions,SEM_Sofas,Phrase
sofas,promotions sofas,SEM_Sofas,Phrase
sofas,sofas purchase,SEM_Sofas,Phrase
sofas,purchase sofas,SEM_Sofas,Phrase
sofas,sofas sale,SEM_Sofas,Phrase
sofas,sale sofas,SEM_Sofas,Phrase
sofas,sofas bargain,SEM_Sofas,Phrase
sofas,bargain sofas,SEM_Sofas,Phrase
sofas,sofas affordable,SEM_Sofas,Phrase
sofas,affordable sofas,SEM_Sofas,Phrase
sofas,sofas cheap,SEM_Sofas,Phrase
sofas,cheap sofas,SEM_Sofas,Phrase
sofas,sofas low cost,SEM_Sofas,Phrase
sofas,low cost sofas,SEM_Sofas,Phrase
sofas,sofas low price,SEM_Sofas,Phrase
sofas,low price sofas,SEM_Sofas,Phrase
sofas,sofas budget,SEM_Sofas,Phrase
sofas,budget sofas,SEM_Sofas,Phrase
sofas,sofas inexpensive,SEM_Sofas,Phrase
sofas,inexpensive sofas,SEM_Sofas,Phrase
sofas,sofas economical,SEM_Sofas,Phrase
sofas,economical sofas,SEM_Sofas,Phrase
convertible sofas,convertible sofas buy,SEM_Sofas,Phrase
convertible sofas,buy convertible sofas,SEM_Sofas,Phrase
convertible sofas,convertible sofas price,SEM_Sofas,Phrase
convertible sofas,price convertible sofas,SEM_Sofas,Phrase
convertible sofas,convertible sofas discount,SEM_Sofas,Phrase
convertible sofas,discount convertible sofas,SEM_Sofas,Phrase
convertible sofas,convertible sofas promotion,SEM_Sofas,Phrase
convertible sofas,promotion convertible sofas,SEM_Sofas,Phrase
convertible sofas,convertible sofas promo,SEM_Sofas,Phrase
convertible sofas,promo convertible sofas,SEM_Sofas,Phrase
convertible sofas,convertible sofas shop,SEM_Sofas,Phrase
convertible sofas,shop convertible sofas,SEM_Sofas,Phrase
convertible sofas,convertible sofas buying,SEM_Sofas,Phrase
convertible sofas,buying convertible sofas,SEM_Sofas,Phrase
convertible sofas,convertible sofas prices,SEM_Sofas,Phrase
convertible sofas,prices convertible sofas,SEM_Sofas,Phrase
convertible sofas,convertible sofas pricing,SEM_Sofas,Phrase
convertible sofas,pricing convertible sofas,SEM_Sofas,Phrase
convertible sofas,convertible sofas shopping,SEM_Sofas,Phrase
convertible sofas,shopping convertible sofas,SEM_Sofas,Phrase
convertible sofas,convertible sofas discounts,SEM_Sofas,Phrase
convertible sofas,discounts convertible sofas,SEM_Sofas,Phrase
convertible sofas,convertible sofas promos,SEM_Sofas,Phrase
convertible sofas,promos convertible sofas,SEM_Sofas,Phrase
convertible sofas,convertible sofas ecommerce,SEM_Sofas,Phrase
convertible sofas,ecommerce convertible sofas,SEM_Sofas,Phrase
convertible sofas,convertible sofas e commerce,SEM_Sofas,Phrase
convertible sofas,e commerce convertible sofas,SEM_Sofas,Phrase
convertible sofas,convertible sofas buy online,SEM_Sofas,Phrase
convertible sofas,buy online convertible sofas,SEM_Sofas,Phrase
convertible sofas,convertible sofas shop online,SEM_Sofas,Phrase
convertible sofas,shop online convertible sofas,SEM_Sofas,Phrase
convertible sofas,convertible sofas cheap,SEM_Sofas,Phrase
convertible sofas,cheap convertible sofas,SEM_Sofas,Phrase
convertible sofas,convertible sofas best price,SEM_Sofas,Phrase
convertible sofas,best price convertible sofas,SEM_Sofas,Phrase
convertible sofas,convertible sofas lowest price,SEM_Sofas,Phrase
convertible sofas,lowest price convertible sofas,SEM_Sofas,Phrase
convertible sofas,convertible sofas cheapest,SEM_Sofas,Phrase
convertible sofas,cheapest convertible sofas,SEM_Sofas,Phrase
convertible sofas,convertible sofas best value,SEM_Sofas,Phrase
convertible sofas,best value convertible sofas,SEM_Sofas,Phrase
convertible sofas,convertible sofas offer,SEM_Sofas,Phrase
convertible sofas,offer convertible sofas,SEM_Sofas,Phrase
convertible sofas,convertible sofas offers,SEM_Sofas,Phrase
convertible sofas,offers convertible sofas,SEM_Sofas,Phrase
convertible sofas,convertible sofas promotions,SEM_Sofas,Phrase
convertible sofas,promotions convertible sofas,SEM_Sofas,Phrase
convertible sofas,convertible sofas purchase,SEM_Sofas,Phrase
convertible sofas,purchase convertible sofas,SEM_Sofas,Phrase
convertible sofas,convertible sofas sale,SEM_Sofas,Phrase
convertible sofas,sale convertible sofas,SEM_Sofas,Phrase
convertible sofas,convertible sofas bargain,SEM_Sofas,Phrase
convertible sofas,bargain convertible sofas,SEM_Sofas,Phrase
convertible sofas,convertible sofas affordable,SEM_Sofas,Phrase
convertible sofas,affordable convertible sofas,SEM_Sofas,Phrase
convertible sofas,convertible sofas cheap,SEM_Sofas,Phrase
convertible sofas,cheap convertible sofas,SEM_Sofas,Phrase
convertible sofas,convertible sofas low cost,SEM_Sofas,Phrase
convertible sofas,low cost convertible sofas,SEM_Sofas,Phrase
convertible sofas,convertible sofas low price,SEM_Sofas,Phrase
convertible sofas,low price convertible sofas,SEM_Sofas,Phrase
convertible sofas,convertible sofas budget,SEM_Sofas,Phrase
convertible sofas,budget convertible sofas,SEM_Sofas,Phrase
convertible sofas,convertible sofas inexpensive,SEM_Sofas,Phrase
convertible sofas,inexpensive convertible sofas,SEM_Sofas,Phrase
convertible sofas,convertible sofas economical,SEM_Sofas,Phrase
convertible sofas,economical convertible sofas,SEM_Sofas,Phrase
love seats,love seats buy,SEM_Sofas,Phrase
love seats,buy love seats,SEM_Sofas,Phrase
love seats,love seats price,SEM_Sofas,Phrase
love seats,price love seats,SEM_Sofas,Phrase
love seats,love seats discount,SEM_Sofas,Phrase
love seats,discount love seats,SEM_Sofas,Phrase
love seats,love seats promotion,SEM_Sofas,Phrase
love seats,promotion love seats,SEM_Sofas,Phrase
love seats,love seats promo,SEM_Sofas,Phrase
love seats,promo love seats,SEM_Sofas,Phrase
love seats,love seats shop,SEM_Sofas,Phrase
love seats,shop love seats,SEM_Sofas,Phrase
love seats,love seats buying,SEM_Sofas,Phrase
love seats,buying love seats,SEM_Sofas,Phrase
love seats,love seats prices,SEM_Sofas,Phrase
love seats,prices love seats,SEM_Sofas,Phrase
love seats,love seats pricing,SEM_Sofas,Phrase
love seats,pricing love seats,SEM_Sofas,Phrase
love seats,love seats shopping,SEM_Sofas,Phrase
love seats,shopping love seats,SEM_Sofas,Phrase
love seats,love seats discounts,SEM_Sofas,Phrase
love seats,discounts love seats,SEM_Sofas,Phrase
love seats,love seats promos,SEM_Sofas,Phrase
love seats,promos love seats,SEM_Sofas,Phrase
love seats,love seats ecommerce,SEM_Sofas,Phrase
love seats,ecommerce love seats,SEM_Sofas,Phrase
love seats,love seats e commerce,SEM_Sofas,Phrase
love seats,e commerce love seats,SEM_Sofas,Phrase
love seats,love seats buy online,SEM_Sofas,Phrase
love seats,buy online love seats,SEM_Sofas,Phrase
love seats,love seats shop online,SEM_Sofas,Phrase
love seats,shop online love seats,SEM_Sofas,Phrase
love seats,love seats cheap,SEM_Sofas,Phrase
love seats,cheap love seats,SEM_Sofas,Phrase
love seats,love seats best price,SEM_Sofas,Phrase
love seats,best price love seats,SEM_Sofas,Phrase
love seats,love seats lowest price,SEM_Sofas,Phrase
love seats,lowest price love seats,SEM_Sofas,Phrase
love seats,love seats cheapest,SEM_Sofas,Phrase
love seats,cheapest love seats,SEM_Sofas,Phrase
love seats,love seats best value,SEM_Sofas,Phrase
love seats,best value love seats,SEM_Sofas,Phrase
love seats,love seats offer,SEM_Sofas,Phrase
love seats,offer love seats,SEM_Sofas,Phrase
love seats,love seats offers,SEM_Sofas,Phrase
love seats,offers love seats,SEM_Sofas,Phrase
love seats,love seats promotions,SEM_Sofas,Phrase
love seats,promotions love seats,SEM_Sofas,Phrase
love seats,love seats purchase,SEM_Sofas,Phrase
love seats,purchase love seats,SEM_Sofas,Phrase
love seats,love seats sale,SEM_Sofas,Phrase
love seats,sale love seats,SEM_Sofas,Phrase
love seats,love seats bargain,SEM_Sofas,Phrase
love seats,bargain love seats,SEM_Sofas,Phrase
love seats,love seats affordable,SEM_Sofas,Phrase
love seats,affordable love seats,SEM_Sofas,Phrase
love seats,love seats cheap,SEM_Sofas,Phrase
love seats,cheap love seats,SEM_Sofas,Phrase
love seats,love seats low cost,SEM_Sofas,Phrase
love seats,low cost love seats,SEM_Sofas,Phrase
love seats,love seats low price,SEM_Sofas,Phrase
love seats,low price love seats,SEM_Sofas,Phrase
love seats,love seats budget,SEM_Sofas,Phrase
love seats,budget love seats,SEM_Sofas,Phrase
love seats,love seats inexpensive,SEM_Sofas,Phrase
love seats,inexpensive love seats,SEM_Sofas,Phrase
love seats,love seats economical,SEM_Sofas,Phrase
love seats,economical love seats,SEM_Sofas,Phrase
recliners,recliners buy,SEM_Sofas,Phrase
recliners,buy recliners,SEM_Sofas,Phrase
recliners,recliners price,SEM_Sofas,Phrase
recliners,price recliners,SEM_Sofas,Phrase
recliners,recliners discount,SEM_Sofas,Phrase
recliners,discount recliners,SEM_Sofas,Phrase
recliners,recliners promotion,SEM_Sofas,Phrase
recliners,promotion recliners,SEM_Sofas,Phrase
recliners,recliners promo,SEM_Sofas,Phrase
recliners,promo recliners,SEM_Sofas,Phrase
recliners,recliners shop,SEM_Sofas,Phrase
recliners,shop recliners,SEM_Sofas,Phrase
recliners,recliners buying,SEM_Sofas,Phrase
recliners,buying recliners,SEM_Sofas,Phrase
recliners,recliners prices,SEM_Sofas,Phrase
recliners,prices recliners,SEM_Sofas,Phrase
recliners,recliners pricing,SEM_Sofas,Phrase
recliners,pricing recliners,SEM_Sofas,Phrase
recliners,recliners shopping,SEM_Sofas,Phrase
recliners,shopping recliners,SEM_Sofas,Phrase
recliners,recliners discounts,SEM_Sofas,Phrase
recliners,discounts recliners,SEM_Sofas,Phrase
recliners,recliners promos,SEM_Sofas,Phrase
recliners,promos recliners,SEM_Sofas,Phrase
recliners,recliners ecommerce,SEM_Sofas,Phrase
recliners,ecommerce recliners,SEM_Sofas,Phrase
recliners,recliners e commerce,SEM_Sofas,Phrase
recliners,e commerce recliners,SEM_Sofas,Phrase
recliners,recliners buy online,SEM_Sofas,Phrase
recliners,buy online recliners,SEM_Sofas,Phrase
recliners,recliners shop online,SEM_Sofas,Phrase
recliners,shop online recliners,SEM_Sofas,Phrase
recliners,recliners cheap,SEM_Sofas,Phrase
recliners,cheap recliners,SEM_Sofas,Phrase
recliners,recliners best price,SEM_Sofas,Phrase
recliners,best price recliners,SEM_Sofas,Phrase
recliners,recliners lowest price,SEM_Sofas,Phrase
recliners,lowest price recliners,SEM_Sofas,Phrase
recliners,recliners cheapest,SEM_Sofas,Phrase
recliners,cheapest recliners,SEM_Sofas,Phrase
recliners,recliners best value,SEM_Sofas,Phrase
recliners,best value recliners,SEM_Sofas,Phrase
recliners,recliners offer,SEM_Sofas,Phrase
recliners,offer recliners,SEM_Sofas,Phrase
recliners,recliners offers,SEM_Sofas,Phrase
recliners,offers recliners,SEM_Sofas,Phrase
recliners,recliners promotions,SEM_Sofas,Phrase
recliners,promotions recliners,SEM_Sofas,Phrase
recliners,recliners purchase,SEM_Sofas,Phrase
recliners,purchase recliners,SEM_Sofas,Phrase
recliners,recliners sale,SEM_Sofas,Phrase
recliners,sale recliners,SEM_Sofas,Phrase
recliners,recliners bargain,SEM_Sofas,Phrase
recliners,bargain recliners,SEM_Sofas,Phrase
recliners,recliners affordable,SEM_Sofas,Phrase
recliners,affordable recliners,SEM_Sofas,Phrase
recliners,recliners cheap,SEM_Sofas,Phrase
recliners,cheap recliners,SEM_Sofas,Phrase
recliners,recliners low cost,SEM_Sofas,Phrase
recliners,low cost recliners,SEM_Sofas,Phrase
recliners,recliners low price,SEM_Sofas,Phrase
recliners,low price recliners,SEM_Sofas,Phrase
recliners,recliners budget,SEM_Sofas,Phrase
recliners,budget recliners,SEM_Sofas,Phrase
recliners,recliners inexpensive,SEM_Sofas,Phrase
recliners,inexpensive recliners,SEM_Sofas,Phrase
recliners,recliners economical,SEM_Sofas,Phrase
recliners,economical recliners,SEM_Sofas,Phrase
sofa beds,sofa beds buy,SEM_Sofas,Phrase
sofa beds,buy sofa beds,SEM_Sofas,Phrase
sofa beds,sofa beds price,SEM_Sofas,Phrase
sofa beds,price sofa beds,SEM_Sofas,Phrase
sofa beds,sofa beds discount,SEM_Sofas,Phrase
sofa beds,discount sofa beds,SEM_Sofas,Phrase
sofa beds,sofa beds promotion,SEM_Sofas,Phrase
sofa beds,promotion sofa beds,SEM_Sofas,Phrase
sofa beds,sofa beds promo,SEM_Sofas,Phrase
sofa beds,promo sofa beds,SEM_Sofas,Phrase
sofa beds,sofa beds shop,SEM_Sofas,Phrase
sofa beds,shop sofa beds,SEM_Sofas,Phrase
sofa beds,sofa beds buying,SEM_Sofas,Phrase
sofa beds,buying sofa beds,SEM_Sofas,Phrase
sofa beds,sofa beds prices,SEM_Sofas,Phrase
sofa beds,prices sofa beds,SEM_Sofas,Phrase
sofa beds,sofa beds pricing,SEM_Sofas,Phrase
sofa beds,pricing sofa beds,SEM_Sofas,Phrase
sofa beds,sofa beds shopping,SEM_Sofas,Phrase
sofa beds,shopping sofa beds,SEM_Sofas,Phrase
sofa beds,sofa beds discounts,SEM_Sofas,Phrase
sofa beds,discounts sofa beds,SEM_Sofas,Phrase
sofa beds,sofa beds promos,SEM_Sofas,Phrase
sofa beds,promos sofa beds,SEM_Sofas,Phrase
sofa beds,sofa beds ecommerce,SEM_Sofas,Phrase
sofa beds,ecommerce sofa beds,SEM_Sofas,Phrase
sofa beds,sofa beds e commerce,SEM_Sofas,Phrase
sofa beds,e commerce sofa beds,SEM_Sofas,Phrase
sofa beds,sofa beds buy online,SEM_Sofas,Phrase
sofa beds,buy online sofa beds,SEM_Sofas,Phrase
sofa beds,sofa beds shop online,SEM_Sofas,Phrase
sofa beds,shop online sofa beds,SEM_Sofas,Phrase
sofa beds,sofa beds cheap,SEM_Sofas,Phrase
sofa beds,cheap sofa beds,SEM_Sofas,Phrase
sofa beds,sofa beds best price,SEM_Sofas,Phrase
sofa beds,best price sofa beds,SEM_Sofas,Phrase
sofa beds,sofa beds lowest price,SEM_Sofas,Phrase
sofa beds,lowest price sofa beds,SEM_Sofas,Phrase
sofa beds,sofa beds cheapest,SEM_Sofas,Phrase
sofa beds,cheapest sofa beds,SEM_Sofas,Phrase
sofa beds,sofa beds best value,SEM_Sofas,Phrase
sofa beds,best value sofa beds,SEM_Sofas,Phrase
sofa beds,sofa beds offer,SEM_Sofas,Phrase
sofa beds,offer sofa beds,SEM_Sofas,Phrase
sofa beds,sofa beds offers,SEM_Sofas,Phrase
sofa beds,offers sofa beds,SEM_Sofas,Phrase
sofa beds,sofa beds promotions,SEM_Sofas,Phrase
sofa beds,promotions sofa beds,SEM_Sofas,Phrase
sofa beds,sofa beds purchase,SEM_Sofas,Phrase
sofa beds,purchase sofa beds,SEM_Sofas,Phrase
sofa beds,sofa beds sale,SEM_Sofas,Phrase
sofa beds,sale sofa beds,SEM_Sofas,Phrase
sofa beds,sofa beds bargain,SEM_Sofas,Phrase
sofa beds,bargain sofa beds,SEM_Sofas,Phrase
sofa beds,sofa beds affordable,SEM_Sofas,Phrase
sofa beds,affordable sofa beds,SEM_Sofas,Phrase
sofa beds,sofa beds cheap,SEM_Sofas,Phrase
sofa beds,cheap sofa beds,SEM_Sofas,Phrase
sofa beds,sofa beds low cost,SEM_Sofas,Phrase
sofa beds,low cost sofa beds,SEM_Sofas,Phrase
sofa beds,sofa beds low price,SEM_Sofas,Phrase
sofa beds,low price sofa beds,SEM_Sofas,Phrase
sofa beds,sofa beds budget,SEM_Sofas,Phrase
sofa beds,budget sofa beds,SEM_Sofas,Phrase
sofa beds,sofa beds inexpensive,SEM_Sofas,Phrase
sofa beds,inexpensive sofa beds,SEM_Sofas,Phrase
sofa beds,sofa beds economical,SEM_Sofas,Phrase
sofa beds,economical sofa beds,SEM_Sofas,Phrase
